name,url,overview,commentlist
上海国际旅游度假区,http://www.mafengwo.cn/poi/3911822.html,"


 



37张图片 
 




                        太阳岛原名泖岛。全岛的总面积是160公顷，东西宽700米，南北长4000米。太阳岛形似梭子，河水川流不息，宛如在为历史织布、为文明积淀成型。太阳岛高尔夫球俱乐部是太阳岛度假区一个重要的组成部分，占全岛的一半以上面积。是一个在波光掩映之中的湖泊高尔夫球场，洞洞沿湖，具有强烈的挑战性、俱乐部还建有30球道的练习场。
                    


电话
021-54893253;021-54893290;021-69833888;021-5489329






景点位置中国上海青浦区朱家角镇沈太路2588号












"
上海共青森林公园,http://www.mafengwo.cn/poi/23344.html,"


 



475张图片 
 




                        共青森林公园总占地1965亩，开放公共绿地1870.6亩。是上海中心城区面积最大的以森林为主要特色的公园。公园设南、西、北三个出入口，南大门在嫩江路上，西大门和北大门均由军工路出入。
    共青森林公园以植物造景为主，植树近20万株，品种200多种，配以丘陵、草地、湖泊、溪流、密林、竹丛等构成了富有野趣幽深的自然空间，形成了“松涛幽谷”、“丛林原野”、“秋林爱晚”、“水乡映秀”、“植树纪念林”等十二大景区，呈现了“自然、野趣、宁静、粗犷”为特色的森林景观。
                    


电话
021-65740586



交通
乘坐102、147、124等路到【森林公园站】。


门票

15.00元



开放时间
全年开放
每天06:00~17:00





景点位置上海市东北部杨浦区军工路2000号












"
召稼楼,http://www.mafengwo.cn/poi/21250.html,"


 



265张图片 
 




                        位于闵行区浦江镇的召稼楼古镇（浦江镇革新村内），源起于元朝初期，横跨元明清三个朝代，现面积达150亩之广，散落着不少清代建筑，目前规模较大、保存较完整的有“礼耕堂”、“梅园”等。“召楼三宝”有召楼大曲、召楼羊肉、召楼拆蹄（手撕油走红烧蹄膀）。
                    




景点位置上海闵行区浦江镇












"
朱家角,http://www.mafengwo.cn/poi/7918508.html,"


 



139张图片 
 




                        --这里是青浦城隍行宫，乾隆二十八年徽州人程履吉谋迁入现址。1986年列为县级文物保护单位。
--城隍庙座东朝西，正门临河有一垛照墙，两边为东西辕门，正前有一对石狮，怀抱绣球，线条柔和。
--庙中间为头门、戏台、大殿，两侧为庑，旁有小曲溪，桃李杨柳随处可见，布局雅致，有12胜景。戏台的项部由160只斗拱组成圆旋形顶，十分罕见。
--朱家角镇道教徒的主要活动场所，这里路边有各色的小吃铺，还有一些工艺品，大家可以边吃边玩，赏赏夜景等。
                    


用时参考
1小时左右



交通
位于朱家角镇，步行即可到达


门票

10元



开放时间
9:00-17:00





景点位置上海市青浦区朱家角镇曹河路与美周路路口以东约60米












"
大宁郁金香公园,,
上海植物园,http://www.mafengwo.cn/poi/5107.html,"


 



422张图片 
 




                        上海植物园一年一度的“寒兰展”会从11月28日持续到12月15日，一进入上海植物园兰室展厅，满屋青绿，一派茵茵。兰室内的兰花以国兰为主，而非热带兰花。国兰色淡体细，花朵并不浓郁，所以在“寒兰展”要赏的是兰花的形、兰花的香。在“寒兰展”可以见到近二百种兰花，二百多盆兰花并排站立，供参观者欣赏。

上海植物园设有盆景园、牡丹园、桂花园、蔷薇园、槭树园、松柏园、草药园、竹园、兰室等17个园区，是沪上摄影爱好者喜爱的外拍景点之一。其中盆景园是世界上最大盆景园之一，蔷薇园里的樱花区是上海樱花种植最为集中的区域。
                    


电话
021-54363369


网址
http://www.shbg.org/


用时参考
4小时



交通
1号门：上海植物园站：56、714、720、770、820、824、958、178、莘龙线、上奉专线、956（原徐吴专线）（招呼）
2号门：龙水南路站：56、714、720、770、824、958、178(原龙吴线)、178大站车(原龙吴大站车)、上奉专线、956（原徐吴专线）（招呼）
3号门：①上海植物园站：957、180；②百色路龙川北路：973；③园南新村站：131、718、720、820、824、180(原上沧线)；④汇城新村站：131、718、720、857、957；⑤园南二村：720、820、824⑤上海中学：闵行20路(原鲁莘线)
4号门石龙路站：地铁3号线、111、144、156、857、957、上奉专线


门票

联票40元，大门票15元，展览温室30元，盆景园7元，兰室7元，学生证半价，儿童、70岁老人免费、60-69岁8折



开放时间
6:00-17:00，售票时间7:00-17:00；专类园开放时间8:30-17:00，售票时间8:30-16:30





景点位置上海市徐汇区龙吴路1111号(近百色路)












"
上海顾村公园,http://www.mafengwo.cn/poi/24578.html,"


 



429张图片 
 




                        顾村公园位于上海市宝山区外环线S20以北，东起沪太路，西至陈广路，地铁M7号线顾村公园站就座落于公园内，交通十分便利。
  顾村公园栽种的樱花中，有先花后叶的早樱、花叶同步的晚樱共20多个品种的上万株樱花，面积逾13万㎡，其中不乏树龄超过50年的樱花树，极具观赏价值。
                    


电话
021-56045200



交通
公交
乘坐527 、宝山3路等到【陆翔路镜泊湖路站】。
地铁
乘坐地铁7号线到【顾村公园站】。


门票

20元



开放时间
4月1日~6月30日：05:00~18:00
7月1日~9月30日：05:00~19:00
10月1日~3月31日：06:00~18:00





景点位置上海市宝山区












"
东方绿舟,http://www.mafengwo.cn/poi/5431313.html,
上海野生动物园,http://www.mafengwo.cn/poi/5426812.html,"


 



963张图片 
 




                        上海野生动物园是目前国内最大的国家级野生动物园 ，这里动物种类非常齐全，不仅有世界各地具有代表性的珍稀动物200余种上万余头（只），也有我国的一级保护动物。
游园时分车入和步入两大参观区。园中有海狮、大象、山羊和狮虎等驯兽表演，还可以乘坐车辆游览野兽区，跟那些在电视上才出现的家伙们近距离接触。
                    


电话
021-61180000


网址
http://www.shwzoo.com/


用时参考
半天到一天



交通
惠莘线、南新专线、张南专线、万野线直接到野生动物园


门票

普通门票 130元/人
6-18周岁学生票 65元/人
60-64周岁老年票 117元/人
65周岁以上老年票 65元/人

个人年卡 368元/人
家庭年卡 688元/张（2名成人带1名1.5米以下儿童）

免票规定
现役军官证、现役士兵证、离休证、军事院校学员证、文职证、军队离退休证、武装警察部队警官证、革命军人伤残证、革命烈士家属证、残疾证等凭有效证件享受免票。

一名成年人凭当日门票可免费携带一名6周岁以下或1.3米以下儿童入园。



开放时间
3-6月：8:00-17:00（16：00停止售票）
12月-翌年2月：8:30-16:30（15:30停止售票）





景点位置上海市浦东新区三灶镇南六公路178号












"
南翔,http://www.mafengwo.cn/poi/5180.html,"


 



405张图片 
 




                        古漪园，是南翔古猗园的别名。位于上海市西北郊嘉定区南翔镇。占地10公顷。始建于明嘉靖年间1522—1566年)，原名猗园，取“绿竹漪漪”之意；后由嘉定竹刻家朱三松精心设计、以“十亩之园”的规模营造，又在立柱、椽子、长廊上刻着千姿百态竹景、显得生动典雅；清乾隆11年(1746年)扩建重葺，更名古猗园，因园内绿水涟漪，故又通俗写作：古漪园。
                    


电话
021-59121535;021-59122225;021-59125659



交通
562路（静安寺）、822（海宁路西藏北路口）、游6A线（上海体育场）北嘉（北区汽车站—嘉定）、翔华（华漕）、翔黄（梦幻乐园）虎南（张庙）、罗南（罗店）直达。 11号线南翔站下换乘南翔1路丶3路坐两站可达


门票

门票12人民币



开放时间
6:00-18:30





景点位置上海市嘉定区南翔镇沪宜路218号












"
上海动物园,http://www.mafengwo.cn/poi/4720.html,"


 



592张图片 
 




                        始建于原名西郊公园。上海动物园属于国家级大型动物园，占地面积74.3万平方米，饲养展出动物620余种，饲养展出动物的馆舍面积有47237平方米。是全国十佳动物园之一，中国第二大城市动物园。
                    


电话
021-62687775;021-62687692


用时参考
半天



门票

成人40元
儿童1.2以下免费。



开放时间
1. 夏季（3月~10月）：06:30~17:30
停止售票时间：17:00
2. 冬季（11月~2月）：06:30~17:00
停止售票时间：16:30





景点位置上海市长宁区虹桥路2381号












"
嘉定州桥,,
上海古猗园,http://www.mafengwo.cn/poi/5180.html,"


 



405张图片 
 




                        古漪园，是南翔古猗园的别名。位于上海市西北郊嘉定区南翔镇。占地10公顷。始建于明嘉靖年间1522—1566年)，原名猗园，取“绿竹漪漪”之意；后由嘉定竹刻家朱三松精心设计、以“十亩之园”的规模营造，又在立柱、椽子、长廊上刻着千姿百态竹景、显得生动典雅；清乾隆11年(1746年)扩建重葺，更名古猗园，因园内绿水涟漪，故又通俗写作：古漪园。
                    


电话
021-59121535;021-59122225;021-59125659



交通
562路（静安寺）、822（海宁路西藏北路口）、游6A线（上海体育场）北嘉（北区汽车站—嘉定）、翔华（华漕）、翔黄（梦幻乐园）虎南（张庙）、罗南（罗店）直达。 11号线南翔站下换乘南翔1路丶3路坐两站可达


门票

门票12人民币



开放时间
6:00-18:30





景点位置上海市嘉定区南翔镇沪宜路218号












"
上海和平公园,http://www.mafengwo.cn/poi/4540.html,"


 



38张图片 
 




           上海和平公园于1958年建成，占地 264 亩，其中水面积为 50 亩，是一座以中国自然山水园林风格为特色的综合性公园，国家AAA级旅游风景区。上海和平公园共分三个景区，即风景游览区、动物观赏区、儿童娱乐区。
        


电话
021-65030518






景点位置上海市虹口区大连路1131号











"
上海欢乐谷,http://www.mafengwo.cn/poi/1578.html,"


 



714张图片 
 




                        上海欢乐谷包含了“阳光港、欢乐时光、飓风湾、金矿镇、蚂蚁王国、上海滩、香格里拉”七个主题区。
你可搭乘雄伟壮观的国内首台木质过山车，在丛林里穿行飞跃，在雨林里分享奇妙，在娱乐中体验冒险的真实，在自然中感受野趣；乘坐特制船只卷入海湾的风暴漩涡中，激流勇进，体验15米浪尖飞驰而下的刺激；或漫步上世纪二三十年代的老上海，青砖灰墙、石框黑门、格子窗户、旧式消火栓、路灯、黄包车、老邮筒，让人迷醉……
除了 50 多项先进的娱乐设备外，欢乐谷内每天还有 20 余场超炫的各类表演，如室内大型马戏表演、室外影视特效表演、大型马战实景史诗表演，花车巡游等。
                    


电话
021-57799123;021-32010356;021-33552222


网址
http://sh.happyvalley.cn/


用时参考
半天或一天



交通
乘松江19、松江33、松重线等路公交车可直达；地铁九号线佘山站下车，过街至欢乐谷接驳站搭乘公园班车


门票

全票价200元，半价票100元，夜场票（17:30-22:00）：80元



开放时间
9:00-17:00（夜场不定期于节假日、寒暑假开放，具体开放时间参见景区公告）；
放映场次说明：1、魔幻剧场：11:00/12:00/13:00/14:00/15:00/16:00/16:30（周六日加二场10:00/17:00）；2、四维影院：10:30/11:30/12:30/13:30/14:30/15:30/16:30（周六日加两场10:00/17:00）





景点位置上海市松江区佘山镇林湖路888号(近林荫大道)












"
上海老外街,http://www.mafengwo.cn/poi/3938367.html,"



3.9分

                            值得一去
                            
 

来自 10 条用户点评


风阵妖狐

去了这么多次上海还是第一次去这个地方，之前都没听说过，只是知道一个新天地...









0/22




"
上海田子坊,http://www.mafengwo.cn/poi/1364.html,"


 



6424张图片 
 




                        --田子坊是由上海最有特色的石库门里弄演变而来，位于上海的浦西，在上海堪称很小资的地点之一。
--名字是画家黄永玉几年前起的雅号，个性、文艺的年轻人初到上海定会奔此地，来感受田子坊与众不同的个性。
--走在田子坊，迂回穿行在迷宫般的弄堂里，一家家特色小店和艺术作坊就这样在不经意间跳入你的视线。从茶馆、露天餐厅、露天咖啡座、画廊、家居摆设到手工艺品，以及众多沪上知名的创意工作室，可谓应有尽有。
-- 虽然如今的田子坊已经商业化，但是建筑风格还是不错的。
                    


电话
021-54671717;021-64672275


网址
http://www.tianzifang.cn/


用时参考
2-3小时



交通
位于上海市泰康路   
公共交通  
1、乘坐地铁9号线到打浦桥站下车，从1号口出来后步行5分钟即到  
2、乘坐公交17路、24路、864路到建国中路瑞金二路站，下车后即到；乘坐公交41路、43路、45路、96路、146路、205路、218路、786、806路、931路、955路、985路、徐川专线到打浦桥站，下车后步行5分钟即到


门票

免费



开放时间
全天开放，小店一般是10:00-21:00或22:00，酒吧会更晚关门





景点位置上海市黄浦区泰康路274-210弄(近瑞金二路)












"
上海闵行体育公园,http://www.mafengwo.cn/poi/23357.html,"


 



156张图片 
 




                        闵行体育公园是上海市首个体育主题公园。公园以自然景观为主，有开阔的草坪、宽广的湖面、河流，四周密林环抱。公园里设有体育场馆区、热带风暴水上乐园、青少年活动中心、湿地生态园、卵石溪流区、翡翠山林区等10个景区，并设有山坡长滑道、迷你高尔夫球场、儿童自行车、游艇和垂钓等体育项目设施。夏天荷花盛开而成的大片花海也是体育公园的亮点之一。到了樱花季还可以前往樱花道赏花野餐。
                    


电话
021-54860606;021-54865928


用时参考
半天



交通
乘坐公交173、753、七宝1路公交车至闵行体育公园下即可


门票

免费



开放时间
5:00-18:00





景点位置上海市闵行区新镇路456号(近农南路)












"
上海科技馆,http://www.mafengwo.cn/poi/5322.html,"


 



798张图片 
 




                        上海科技馆包括天地馆、生命馆、智慧馆、创造馆、未来馆等五个主要展馆和临展馆，设有地壳探秘、生物万象、智慧之光、视听乐园、设计师摇篮、儿童科技园、自然博物等七个展区和立体巨幕、球幕、4D等三个影院。
馆内各展区的内容包罗万象，涉猎的自然常识和科技知识非常丰富，而且有孩子参与、感受、互动的环节，很多知识深入浅出的演示，可以让孩子包括大人理解更深。
                    


电话
021-68543044;021-6862200;021-68626888


网址
http://www.sstm.org.cn/kjg_Web/html/defaultsite/portal/index/index.htm


用时参考
3-4小时



交通
地铁2号线上海科技馆站7号口出去即是，东周线，隧道三线、申崇二线、申崇四线，公交640、794、815、984、638、983、184、975路


门票

成人60元，学生票30元，1.3米以下儿童免票，影院40/30/20元不等



开放时间
9:00-17:15，逢周一闭馆（国定假除外），售票时间9:00-16:30，假日黄金周期间正常开放， 9:00-17:15， 售票时间为8:45-16:30。





景点位置上海浦东新区世纪大道2000号












"
金山嘴渔村,http://www.mafengwo.cn/poi/8092383.html,"


 



48张图片 
 




                        金山嘴渔村是上海市沿海陆地最早的渔村，也是上海最后一个渔村，滨临杭州湾畔，沪杭公路北侧。
                    


电话
021-37216777






景点位置上海市金山区山阳镇沪杭公路金山嘴村












"
上海辰山植物园,http://www.mafengwo.cn/poi/5427320.html,"


 



472张图片 
 




                        上海辰山植物园位于上海市松江区松江新城北侧、佘山山系中的辰山，佘山国家旅游度假区范围内，东起佘山中心河，西至辰塔路，南抵花辰公路，北达沈砖公路（辰山塘以西）、佘天昆公路。东西宽约1600米，南北长约1500米，规划占地面积207.63万平方米。
                    


电话
021-37792288



门票

门票60元人民币，游览车10元人民币（每个大站可以上车一次）



                    *信息更新时间：2017-08-16    
                    感谢蜂蜂                                            zlzyc
                                                                参与了编辑
                                    




景点位置上海市松江区辰花公路3888号












"
新场古镇,http://www.mafengwo.cn/poi/4770.html,"


 



577张图片 
 




                        如果不是著名电影《色戒》、《叶问》在此取景，或许新场古镇还继续隐藏在都市深处。这里的民居多是清末民初建筑，许多是典型的中西合璧风格。
新场大街纵贯古镇，新场的商业氛围不浓，店家大多为镇内居民服务。而街道上来来往往的人群，也多是当地百姓。少有矫揉造作的装饰，原生态的环境让初访的游人很快便融入当地人的生活氛围。
每年四、五月桃花盛开时，还可到位于新场镇西面、沪南公路的新场桃源赏桃花。
                    


电话
021-68173366;021-58170205;021-58170652


用时参考
半天-1天



交通
1、乘车：地铁2号线龙阳路下乘龙平芦专线、龙大专线、沪南线（东昌路渡口-惠南镇汽车站）、塘南专线、塘邵专线、广野线（广粤路-野生动物园）、原野线（原平路-野生动物园）、龙泥果（龙阳路地铁-泥城～果园）线，下车后向后转，在石笋街的路口向东（右）走，几十米就会看到新场古镇了
2、自驾：市区—内环线高架—南浦大桥—龙阳路—沪南公路（经过北蔡镇、周浦镇、下沙镇、航头镇）—新场镇


门票

免费



开放时间
全天





景点位置上海市浦东新区新场镇海泉街128号












"
上海音乐谷,,
炮台湾公园,http://www.mafengwo.cn/poi/5533545.html,"


 



206张图片 
 




                        社顶自然公园以珊瑚礁植物及开阔的视野为主要特色，与垦丁森林游乐区并列为垦丁国家公园两大森林区。
这里生态丰富，光是植物就有超过239种以上，还生存着近百种蝶类，是观赏及研究蝴蝶的理想地区。
园内多处地点都可眺望鹅銮鼻灯塔及巴士海峡、太平洋等优美的海天丽景。
沿途没有设置商店及厕所，前往者必须自备食物。
                    


电话
+886-8-8861821


用时参考
1-2小时



交通
社顶自然公园位于垦丁大街旁，距离恒春县约12公里，点此查看到达垦丁的交通方式 
可自行骑车或开车前往，垦丁大街往恒春方向开约一分钟至垦丁国家公园入口牌楼，进入牌楼后沿着路标一直向前，前行约5公里即到达社顶自然公园停车场。


门票

门票免费 
停车费为大客车100新台币、小型车50新台币、机车20新台币



开放时间
全天开放，但停车场只开放8:00-17:00





景点位置屏东县恒春镇屏鹅公路上(垦丁大街旁)












"
上海汽车博览公园,http://www.mafengwo.cn/poi/3834492.html,"


 



29张图片 
 





景点位置上海市嘉定区博园路7001号












"
东方明珠广播电视塔,http://www.mafengwo.cn/poi/4479.html,"


 



3326张图片 
 




                        --上海的标志性文化景观之一，位于浦东新区陆家嘴，毗邻黄浦江，与外滩隔江相望。
--东方明珠广播电视塔高467.9米，是观赏上海夜景的绝佳好去处。
--最佳观景点在观光层，立于其上，可360度欣赏上海美景；当风和日丽时，举目远望，佘山、崇明岛都隐约可见。
--塔上从上到下一共由大小11个球体串联，塔内还有空中旋转餐厅、发展陈列馆、科幻城等。
--东方明珠旋转餐厅 位于东方明珠塔267米上的球体，浦江两岸美景一览无余。
                    


电话
021-58798888;021-58791888


网址
http://orientalpearltower.com/


用时参考
包括陈列馆在内约2小时



交通
位于浦东新区陆家嘴  
公共交通 
1、地铁2号线陆家嘴站可到达    
2、公交81、82、85、583、774、789、791、795、796、798、870、871、983、993、971、985、993、蔡陆专线、陆家嘴金融城1路、 陆家嘴旅游环线、观光隧道、轮渡等可到达


门票

观光+游船套票：
上球体+陈列馆+浦江游览180元  
A票：太空舱+上球体+下球体（含一项目）+陈列馆180元  
B票：上球体+下球体（含一项目）+陈列馆150元   
C票：上球体+陈列馆120元   
旋转餐厅含B票项目，午餐268元，晚餐298元；中华号明珠号特等舱120元，一等舱100元；城市历史展示馆35元。（现役军人凭有效证件可免费参观东方明珠上球体+陈列馆；70岁以上老人凭有效证件享6折优惠；1.4米以下儿童半票、1米以下儿童免票）



开放时间
8:30-21:30





景点位置上海市浦东新区浦东世纪大道1号(近2号线陆家嘴站)












"
枫泾古镇,http://www.mafengwo.cn/poi/21471.html,"


 



763张图片 
 




                        枫泾镇成市于宋，建镇于元，地跨吴越两界。周围水网遍布，区内河道纵横，素有“三步两座桥，一望十条港”之称，镇区多小圩，形似荷叶；境内林木荫翳，庐舍鳞次，清流急湍，且遍植荷花，清雅秀美。
老街两旁是两层楼房，木格窗露出原木本色，是原汁原味的晚清风貌。
                    


电话
021-57355555


网址
http://www.shfj.cn/


用时参考
半天-1天



交通
1、集散中心万体馆、虹口足球场每天有班车直达景区； 
2、地铁1号线锦江乐园站下，到西南汽车站乘枫梅线（票价12元，耗时50分钟左右）、金枫线、朱枫线、青枫线、松新枫线、松枫专线、莘枫专线、枫戚专线、石枫专线、嘉善-枫泾专线、枫泾1路、枫泾2路、枫泾3路、枫泾6路到枫泾牌楼站下沿枫丽路北行可达；
3、地铁1号线莲花路站附近有莲枫线，车牌上面全程一共6站，实际坐下来很绕圈子，而且中途会停很多车牌上没有的站，票价10元，耗时1个半小时左右
4、公交车：到枫泾牌楼，坐“枫泾一路”或“枫泾—新浜”车（票价2元）在中洪村路口下。
5、自驾：沪杭高速走A8段，枫泾出口收费站下来沿指示牌开2分钟即可到达，车停至古镇入口处的停车场


门票

联票50元（含10个景点门票），70岁以上老人、离休干部、现役军人免票，1.2米以下儿童票价对折。枫泾寻画80元，中国农民画村30元



开放时间
8:00-17:00（5-9月）；8:00-16:30（其他月份）





景点位置上海市金山区枫丽路95号枫泾镇中心(枫丽路新枫路)










内部景点





1

中国农民画村
71人去过









"
上海鲜花港,http://www.mafengwo.cn/poi/21247.html,"


 



259张图片 
 





电话
021-58295858



交通
公交：龙东专线 南三线 三港专线 机场8线


门票

100元



开放时间
8:00-17:00  3月底-10月底开放





景点位置上海浦东新区东海农场振东路2号(近两港大道)












"
上海世纪公园,http://www.mafengwo.cn/poi/4697.html,"


 



506张图片 
 




                        世纪公园是上海环线内最大的生态型城市公园，春天的百花烂漫、夏日的荷风送爽、秋天的菊花傲霜、冬日的梅花凌寒都会吸引一大批人。
世纪公园的“梅花蜡梅展”于每年1月举办，梅园区域种植梅花、蜡梅近5万平方米，梅花、蜡梅古树100余株，在腊梅展期间，园区还会在地上放腊梅盆栽一万多株。当走过梅花栈道时，会有仿佛置身于梅海之中的感受，也很适合热爱摄影的朋友前往。每年的十月底或十一月除实际公园还会举办“上海国际音乐烟花节”，烟花节组委会每年邀请不同国家的一流烟花设计师轮番献技，游客们在公园内湖的一边观看湖上以及湖对面燃放的烟花，壮观又浪漫。
                    


电话
021-83760588


网址
http://www.centurypark.com.cn/


用时参考
3-4小时



交通
世纪公园南北分设地铁2号线杨高南路站和世纪公园站一号门：983、640、794、杨芦专线、杨三专线、杨申专线、东周线、轨道四线；二号门：794、640、申陆线、东周线；三号门：申陆线；三号门：936、方川专线 ；七号门：大桥二线、637、世团专线、 983、方川专线


门票

10元，成人团队9元，学生团队6元；梅花节期间20元



开放时间
7:00-18:00（3月16日-11月15日），7:00-17:00（11月16日-3月15日）





景点位置上海市浦东新区锦绣路1001号(1001号1号门，901号2号门，701号3号门)












"
金茂大厦88层观光厅,http://www.mafengwo.cn/poi/4534.html,"


 



255张图片 
 




                        金茂大厦曾是上海第一高楼，大厦里办公楼、餐厅、酒店一应俱全。88层观光厅内玻璃幕墙视野开阔，凭栏远眺，黄浦江两岸的都市风光以及长江口的壮丽景色尽收眼底，还可以在观光厅内俯视金茂凯悦大酒店的中庭，这个中庭建筑被建筑师称为“时空隧道”。大厦里两台每秒运行9.1米的直达电梯堪称“时光穿梭机”，只需45秒就可直达楼顶。
                    


电话
021-50475101


网址
http://www.jinmao88.com/


用时参考
1小时



交通
地铁2号线6号、3号出口出，公交81，82，85，795，996，971，774，961，583，798，799，870，871、872等陆家嘴下，隧道3、4、5、6线等


门票

120元，儿童50元，学生凭学生证价90元。儿童身高0.8米-1.3米之间享受60元/人；本科以下（含本科）学生90元/人；70周岁以上老人凭身份证100元/人，儿童身高0.8米以下、离休干部、现役军人凭证免票



开放时间
8:30-21:30





景点位置上海市浦东新区世纪大道88号88层












"
闻道园,http://www.mafengwo.cn/poi/8082159.html,"


 



10张图片 
 




                        闻道园文化艺术中心坐落于占地1000余亩的国家4A级旅游景区，由上海闻道园文化投资控股集团投资10亿承建，是上海目前规模最大的私家园林，作为世博园区外重点主题展览点，承担接待世博会中外来宾。闻道园文化艺术中心是以经营古今中外文化艺术品为主的综合性文化艺术品金融投资管理公司。在展览展示，艺术品收藏鉴赏，艺术品交易，鉴定评估，保管拍卖，国际交流与合作，会展策划与管理等诸多领域为客户提供专业、优质的服务。
闻道园园区目前已种植名木古树18000多颗，收藏了奇石、贡石600多方，巴蜀古石刻100余块，明、隋古民居20余幢。园内筹建了“宝山奇石馆”、“巴蜀古石刻馆”、“名人字画馆”、还有盆景园、垂钓区、小球活动中心、高尔夫练习场等休闲设施，园区内还修建了一个既能流露深厚内涵、又有独特建筑风格的“徽派古民居建筑群”，内有明、清时代的雕花老楼，蜿蜒耸立在葫芦形小湖四周，湖光叠影、古韵四溢。其中有气势浩大的宰相府、议事厅、雕刻精致的进士府邸及优雅别致的明、清古民居10余幢，使你不用去安徽，就能感受到徽州文化的璀璨与精华。
闻道园内还有保存完好的明朝万历年间和清朝道光绪年间的古牌坊各一座，婷婷耸立在茂密的香樟树林中，远眺雄伟壮观。不远处还有一座清朝咸丰年间的古桥，“永济桥”跨湖而立，湖面碧波荡漾，湖边垂柳飘扬，远远望去，小桥流水，令人留连忘返，是休闲度假、品茶会友的绝佳选择。
                    


电话
021-66866777



交通
公交线路： 宝山81路、彭罗线、淞罗线、淞嘉线


开放时间
9:00-17:00





景点位置上海市宝山区潘泾路2888号(近石太路)












"
上海自然博物馆,http://www.mafengwo.cn/poi/3876575.html,"


 



793张图片 
 





电话
021-68622000


网址
http://www.snhm.org.cn/


用时参考
半天



交通
地铁：地铁1号线新闸路站，地铁2号线南京西路站（2号口出站），地铁13号线自然博物馆站（1号口出站）。公交：北京西路成都北路（324路），石门二路山海关路（41路，301路，324路，927路），石门二路北京西路（104路），北京西路泰兴路（15路，955路）等。


门票

成人票30元；60-70周岁老人凭证25元；1.3米以上儿童至18周岁以下未成年人、全日制大学本科及以下学历学生凭证12元；70岁以上、1.3米（含）以下或6岁（含）以下儿童、离休干部、现役军人、残疾人、烈士家属凭证免费。



开放时间
周二-周日9:00-17:15（16:30停止售票），周一闭馆（法定节假日除外）


                    *信息更新时间：2016-10-09    
                    感谢蜂蜂                                            kinta747
                                            、清风
                                                                参与了编辑
                                    




景点位置上海市静安区北京西路510号（静安雕塑公园内）












"
黄兴公园,http://www.mafengwo.cn/poi/3820986.html,"


 



23张图片 
 




                        上海黄兴公园以辛亥革命重要领袖之一的黄兴先生的名字命名；东起营口路、西至双阳北路、南临走马塘、北靠国顺东路，占地62.4万平方米。公园与规划建设中的大学城相邻，距内环高架匝道仅200米，交通便利，为杨浦百万居民增添了一片绿色天地 成为游览和休闲的胜地。
                    


电话
021-65333344



交通
公交
乘147、80路在国顺东路黄兴公园站下。
地铁
轨道交通八号线黄兴公园站下。


门票

3元



开放时间
5月1日-9月30日5:00-19:00
10月1日-4月30日6:00-18:30





景点位置杨浦区国顺东路369号












"
上海豫园,http://www.mafengwo.cn/poi/3889729.html,"


 



2900张图片 
 




                        --明朝时期的私人花园，素有“城市山林”之誉，又有“奇秀甲于东南”之说，是江南园林中的一颗明珠。
--被誉为全国四大文化市场之一，有名家手笔的匾额、碑刻，还有九曲桥、湖心亭等标志性的景点。这里可以品茶弈棋，或浏览风光，游人行走在桥上弯来拐去、斗折蛇行、移步换景。
--这里店铺和小吃摊很多，可以边吃边逛。
--豫园属于一个统称，分为需要购票进入的园林部分和外围部分。
                    


电话
021-63282465


网址
http://www.yugarden.com.cn


用时参考
2小时



交通
豫园位于市中心的黄浦区，可乘坐地铁或者公交车  
1、地铁10号线豫园站下车   
2、公交11、26、64、71、145、581、715、730、736、801、926、929、932、969、980、方川线等公交线到豫园站下


门票

1、旺季（4月1日至6月30日，9月1日至11月30日）成人每位40元。
2、淡季（7月1日至8月31日，12月1日至3月31日）成人每位30元。
3、每位成人凭有效票可免费携带一名6周岁以下（含6周岁）或身高1.3米以下（含1.3米）儿童入园（非团体）。
4、60周岁以上老人（含60周岁）凭身份证，全日制大学生本科以下（含本科）、中小学生凭学生证享受半价。
5、离休干部（荣誉证）、现役军人、军队离退休干部、残疾人凭真实有效证件至售票处登记验证后，领取免费门票。



开放时间
早上开放：8:30
下午闭园：16：45（17:15清场）





景点位置上海市黄浦区安仁街132号(城隍庙旅游区内，湖心亭九曲桥北侧入园)












"
金山城市沙滩,http://www.mafengwo.cn/poi/27771.html,"


 



90张图片 
 




                        城市里的人造海滩。夏天这里是收费的海水浴场，可以游泳，也可以玩水上自行车、摩托艇等娱乐项目。到了淡季就不要门票钱了，和家人一起在海边放风筝、堆沙子、玩烧烤。


　　


　　
                    


电话
021-57936507


用时参考
半天



交通
路线一：上海西南汽车站(锦江乐园地铁站旁) 石梅线→石化车站(历时60分钟左右 ，
路线二：上海南站→石化汽车站 上石线(乘到汽车站 历时90分钟左右 票价8元/人)；
路线三：莲花地铁汽车站(莲花地铁站过地道或南方商城)→ 莲石线 车程70分钟
路线四：莲花地铁汽车站(莲花地铁站过地道或南方商城）→莲卫线 车程60分钟


门票

周一~周四：30.00元/张
周五~周日：50.00元/张



开放时间
08:30~17:00





景点位置上海市金山区沪杭公路7741号












"
花米庄行,http://www.mafengwo.cn/poi/7688080.html,"










                        景区内以庄良路为主轴，分成东西两个功能带。东部依托旅游接待中心、乡村美食广场、上海农家、民俗地等，形成以餐饮、住宿、购物为主要内容的配套服务区。西部以金色观光大道、倩舍意象、阳光茶室、田园茶吧、采悠园等，形成以农业休闲体验为主要功能的金色观光农园。
以乡村为舞台，以原生态田园美景为核心，以民俗文化为灵魂，打造四季节庆活动，形成“春赏菜花、夏食伏羊、秋品新米、冬看民俗”的乡村旅游四季歌。
                    




景点位置上海市奉贤区庄行镇南庄路4399号












"
锦江乐园,http://www.mafengwo.cn/poi/4953.html,
上海佘山国家森林公园,http://www.mafengwo.cn/poi/23103.html,"


 



176张图片 
 




                        佘山分东西佘山，海拔分别是98米和97米，是大上海的后花园，更是东南亚地区的天主教圣地，园内十二座山峰犹如十二颗大小不等的翡翠从西南趋向东北。
西佘山园景区是云间九峰中环境最好、面积最大的景区。是远东第一大天主教堂——佘山天主教堂和中国第一座天文台——佘山天文台的所在地。西南坡的茶园是唯一的“上海龙井”产地。
东佘山国家森林公园山体钟秀、林木葱郁，动植物资源丰富，尤以山间所产竹笋有兰花幽香而著名。
                    


电话
021-57827211;021-57651666


网址
http://www.sheshantravel.com/


用时参考
5小时-2天



交通
地铁9号线佘山站出站几米处座手边大多是去佘山的，青松专线、沪陈线、松陈专线、松江92路、石青专线、松重线 上佘线、东佘山和西佘山1-2站，走路10来分钟


门票

免费，西佘山园内上海天文博物馆12元，上海地震博物馆5元，竹海乐园10元；学生票半价



开放时间
8:00-16:30





景点位置上海市松江区外青松公路佘山塔弄口












"
M50创意园,http://www.mafengwo.cn/poi/21155.html,"


 



343张图片 
 




                        这里原来是上海春明粗纺厂。如今苏州河畔的M50，和1933一样被改造成了创意园区，里面有一些艺术家的工作室和画廊，其中由瑞士人劳伦斯创办的香格纳画廊和由意大利人乐大豆创办的比翼艺术中心是目前国内最好的画廊；但是最有看点的还是莫干山路旁数百米长的涂鸦墙。
参观完后不要忘记看一眼被称作上海母亲河的苏州河，这里可是上海近代民族工业的发源地。
到这里最常能看的便是各种展览，如画展、摄影展；还可以游逛各种文艺小店、咖啡馆等。此外，这里时不时还会举办大型的文化节及著名品牌的推广活动，感兴趣的话可到此来接触这些时尚文化。
                    


电话
021-62667125


用时参考
2小时



交通
64、76、105、109、113、502、767B、801、941、南新线、申川线；地铁3/4号线中潭路下，5号口出站，接着沿中远两湾城走，经过昌里路桥，就到了莫干山路。路程约10多分钟


门票

免费



开放时间
9:30-18:30





景点位置上海市普陀区莫干山路50号M50创意园区(近澳门路)












"
上海海湾国家森林公园,http://www.mafengwo.cn/poi/5425.html,"


 



141张图片 
 




                        上海海湾国家森林公园是上海第三个国家森林公园，也是上海目前最大的森林公园。公园拥有上海市域内最优良的5.3公里海岸线，园区主要分为三个旅游板块，分别为游乐活动区（包括游乐园、森林卡丁车、森林跑马、森林烧烤等）、水上活动区（农家菜、游船码头等）以及文化观赏区（多种民间收藏馆）。
                    


电话
021-57160468


网址
http://www.shfpark.com/


用时参考
4小时



交通
乘坐轨道交通2号线在龙阳路站下，二号出口换乘龙平芦线至五四农场站下，转乘海湾三线到海湾森林站下即可


门票

门票:80元



开放时间
8:30-16:30





景点位置上海市奉贤区随塘河路1677号












"
上海都市菜园,http://www.mafengwo.cn/poi/5431392.html,"


 



21张图片 
 




                        上海都市菜园是全国首家蔬菜主题公园。主体参观区为400亩，拥有农耕博览馆、博雅农园、馨香蔬苑、奇瓜异蔬园、四季果园等五个主体场馆，这里可以观赏到新奇特优、流光溢彩的200多种蔬菜，体验到种植、收割、采摘、烹饪、品尝蔬菜的乐趣，了解到农耕历史文化、菜文化、现代农业的种植技术、种植模式、农产品加工等相关知识，以蔬菜全新的面貌带给您全新的感受，让你放松身心、回归自然、享受健康快乐。位于公园西面的休闲娱乐区，拥有生态迷宫、水生蔬菜区、草地足球、沙滩排球、风筝放飞等景点。
上海都市菜园依托诗情画意的田园美景、丰富的人文景观，以蔬菜为灵魂，以绿色、自然、健康为底蕴，借助现代化的蔬菜栽培技术，运用艺术化的写真手法，融入小桥、流水、亭榭的江南园林韵味，展现出江南特有的农耕文化及蔬菜的自然美，是名副其实的蔬菜博览馆。
上海都市菜园是由光明食品（集团）有限公司2007年在农业生态发展的基础上投资兴建的休闲旅游景区，地处奉贤区海湾镇杭州湾畔，距离上海市中心约有五十公里，占地面积5000亩，是国家4A级旅游景区、全国农业旅游示范点、上海市科普教育基地。
                    


电话
021-57505353



开放时间
08:30—16:30。





景点位置上海市奉贤区海湾镇海兴路888弄1号












"
东平国家森林公园,http://www.mafengwo.cn/poi/6018041.html,"


 



415张图片 
 




                        --公园位于崇明岛中部，远离市区的喧嚣，环境优美、野趣浓郁，是夏季避暑的好地方。
--这里有各种娱乐设施和体验项目，可以一边欣赏花卉植物，一边骑马射箭，还可以亲手喂食小动物。
--公园深处有烧烤区和露营基地，在森林中自助烧烤很有意思，可以自带食材去试一试。
--这里共有两个门，可以在门口租用自行车代步。另外，如果想要烧烤，尽量避开节假日，那时烧烤区人非常多。
                    


电话
021-59338028;021-59338266


网址
http://www.dpslpark.com/


用时参考
半天-1天



交通
位于上海崇明县北沿公路上，可以自驾或者乘坐公交前往  
1、自驾 ：上海浦东——上海长江隧桥——陈海公路——蟠龙公路——北沿公路——东平国家森林公园    
2、公交  
①森林公园正门口有公交车站（森林公园站），公交南东专线、南江专线在此经停，从崇明城桥镇的南门汽车站可坐南东专线，约50分钟车程。  
②从市区方向来森林公园，可乘地铁1号线至汶水路共和新路，然后换乘申崇三线公交车，至城桥镇南门汽车站，再换乘南东专线或南江专线至公园。


门票

门票70元（1.3米以下儿童免票（含1.3米）、70岁以上老人、军人凭相关证件免票）



开放时间
8:00-16:30





景点位置上海崇明县北沿公路2288号












"
上海博物馆,http://www.mafengwo.cn/poi/4461.html,"


 



1819张图片 
 




                        上海博物馆是一座大型的中国古代艺术博物馆，开设12个专题陈列室，包括青铜器、陶瓷器、书法、绘画、玉牙器、竹木漆器、甲骨、玺印、少数民族工艺等21个门类，其中尤以青铜器、陶瓷器、书法、绘画为特色。
陶瓷器的收藏集中了江南的大部分精品，史前时代的良渚文化细刻陶器，为稀见之品。原始青瓷的收藏，也是馆藏的特点。
                    


电话
021-63723500;021-96968686;021-63724544


网址
http://www.shanghaimuseum.net/


用时参考
对博物馆感兴趣的，建议至少抽出6小时来参观



交通
地铁1、2、8线人民广场站，574、112、123、71、934、145、46、167、145、18、隧道6线，都市观光1、2线。


门票

免费，中文讲解机，20元/部/6小时，需凭有效证件交押金。



开放时间
9:00-17:00，16:00停止入场。





景点位置上海市黄浦区人民大道201号(近武胜路)












"
上海海洋水族馆,http://www.mafengwo.cn/poi/5106.html,"


 

629张图片 
 




                        海洋水族馆共有三层，进入水族馆后乘电梯上三层，然后由上至下参观。第三层是中国、南美洲、澳大利亚三个展区。中国区里展出的都是中国水域，尤其是长江流域，特有的保护动物，这是全世界独有的。第二层是冷水区和极地区，在这里可以看到海豹和企鹅。再往下有一条很长的海底隧道。水族馆每天都有海狮海豹表演，在水族馆门口可看到表演时间表，带孩子的朋友不要错过啊。
                    


电话
021-58779988


用时参考
1-2小时



交通
乘81、774、779、939、993、蔡陆专线、陆家嘴金融城1路、陆家嘴旅游环线等公交车在陆家嘴环路丰和路站下车


门票

成人票160元，身高1.4米及以上有独立参观能力的成年人及青少年。儿童票110元，身高1.0-1.4米的儿童，儿童不得单独入馆参观，需由成人陪同。



开放时间
日常营业时间9:00-18:00，售票及入馆17:30结束；
七八月份暑假，十一黄金周以及春节营业时间调整为09:00-21:00售票及入馆20:30结束。
特殊活动日营业时间请留意官方网站和现场公告。





景点位置上海市浦东新区陆家嘴环路1388号












"
上海国际时尚中心,http://www.mafengwo.cn/poi/195936.html,"



4.2分

                            必去推荐
                            
 

来自 30 条用户点评


彪標

在原来国棉十七厂的厂房改造起来的，老上海都知道那个地方。应该算一个在市中...









0/108




"
上海月湖雕塑公园,http://www.mafengwo.cn/poi/21845.html,"


 



64张图片 
 




                        月湖雕塑公园是一座集现代雕塑艺术、现代建筑艺术、自然山体景观和高档休闲娱乐于一体的艺术乐园。坐落于上海佘山国家旅游度假区，总占地1300亩，以月湖为中心，环湖而建，分别辟有春、夏、秋、冬四个不同风貌的岸区。园区内有设计别致的水幕桥、游客服务中心、独具匠心的水晶宫、迄今为止上海规模最大的水上舞台、注入娱乐新概念的儿童智能广场和高级餐饮设施的秋月舫等数多个具有国际先进设计理念的景观建筑。目前近30多件来自欧美日本和中国雕塑大家的世界雕塑精品点缀在自然山水间。
交通：旅游一号线、南佘线、共佘线、上佘专线、西佘专线、沪陈线、上太线都可到达。
                    


电话
021-57798090



门票

120元



开放时间
9:00-18:00





景点位置上海市松江区佘山国家旅游度假区林荫新路1158号












"
上海方塔园,http://www.mafengwo.cn/poi/6629199.html,"


 



116张图片 
 





电话
021-59509771






景点位置上海松江区中山东路235号












"
上海鲁迅公园,http://www.mafengwo.cn/poi/4542.html,"


 



336张图片 
 




                        鲁迅公园建于清光绪二十二年，这里曾是鲁迅先生常来散步的地方，如今是上海主要历史文化纪念性公园。
园内景点主要有国家级文物保护单位——鲁迅墓、上海鲁迅纪念馆、尹奉吉义举纪念地——梅亭及碑石。
公园内有山有水有瀑布，山水之间，堤桥相连，景色优美。除了能在公园里感受到英国自然风景园的布局风格外，还可以领略传统中国造园艺术的美丽。
                    


电话
021-56667122


用时参考
半天



交通
乘坐地铁三号线、八号线到虹口足球场站1号口出站，步行约10分钟可至


门票

免费



开放时间
9:00-16:00





景点位置上海市虹口区四川北路2288号












"
光明瑞华果园,http://www.mafengwo.cn/poi/5428212.html,"


 



11张图片 
 




                        家门前的果园！
                    


电话
021-59658558


网址
http://www.gmrhgy.com



交通
公交： 地铁1号线—彭浦新村（共富新村）—换乘彭石线公交车—石洞口码头—崇明南门港—换乘南跃线公交车—瑞华果园 自驾： ①上内环－中环（翔殷路隧道方向）－五洲大道隧桥入口－长江隧桥－陈海公路－崇明南门—港东公路—北沿公路向西—瑞华果园 ②上内环－中环（翔殷路隧道方向）－五洲大道－长江隧桥－陈海公路到底—北沿公路向东—瑞华果园


门票

50元



开放时间
08:45—17:00





景点位置上海市崇明县北沿公路3176号












"
明珠湖,http://www.mafengwo.cn/poi/6018045.html,"


 



51张图片 
 




                        --地处崇明岛的西南角，以其所独有的“天然湖泊、茂密森林”而使公园更加流光溢彩。
--明珠湖可与杭州西湖媲美，是崇明最大的天然淡水湖泊。这里不仅湖水清澈，自然风光秀美，而且鱼类资源丰富。
--漫步于环湖林间小道，虫鸣鸟语，蝴蝶翩翩，欧鸟翔集，让你感受森林海洋的气息。
--公园很大，骑车或坐观光车游览是个不错的选择，内有儿童乐园、快艇、水陆两栖车、游船。
                    


电话
021-59603888;021-59338333


用时参考
3-4小时



交通
位于崇明岛的西南角，可自驾或者乘车前往    
1、自驾：  
①上海市区（浦西）--A20--翔殷路外环隧道--五洲大道--浦东机场方向进入--长江隧桥收费口--陈海公路左转--三华公路--到达明珠湖公园    
②上海市区（浦东）--A20--五洲大道出口--长江隧桥收费口--陈海公路左转--三华公路--到达明珠湖公园  
2、公交车： 乘坐南牛线公交车到（陈海公路三华路）站下


门票

45元



开放时间
8:30-16:00





景点位置上海崇明县三星镇三华公路333号












"
长风海洋世界,http://www.mafengwo.cn/poi/5225.html,"


 



307张图片 
 




                        上海长风海洋世界有限公司隶属于欧洲第一、全球第二的Merlin Entertainment集团旗下之全球最大水族馆连锁品牌——Sea Life，与杜莎夫人蜡像馆、乐高乐园同为国际品牌。
长风海洋世界坐落于风景优美的长风公园内，主体建筑位于银锄湖底13米处，养有300余种，15 000余尾鱼类。是集大型海洋动物表演与水族馆鱼类展览为一体的综合海洋主题公园。为全国青少年科普教育基地、上海市专题性科普场馆、上海市二期课改授课场馆，并被命名为国家AAAA级景区。
“认识海洋，热爱海洋，保护海洋”一直是长风海洋世界秉承的企业文化理念。在那里游客既能观赏到来自世界各地的珍稀海洋生物，又能观看白鲸与海狮的精彩表演，栩栩如生的海洋生物科普知识互动展示，亲身感受人和动物和谐相处的惊喜。迄今为止，长风海洋世界已接待了700多万来自海内外的游客，成为集旅游与科普知识传播为一体的综合性场馆。
                    


电话
021-60721488


网址
http://www.oceanworld.com.cn


用时参考
2-4小时



门票

成人票： 180元
儿童票： 120元



开放时间
8:30-17:00，16:00停止售票





景点位置上海市普陀区大渡河路451号（长风公园4号门）












"
上海影视乐园,http://www.mafengwo.cn/poi/5264.html,"


 



1156张图片 
 




                        上海影视乐园，为中国十大影视基地之一。上海影视乐园有旧上海的市井风情，有拍电影的幕后秘密，有欧式的标准庭院。有“宋子文旧居”、汾阳路上的“工艺美术学院”。老上海特色的风貌是其特色之一。
上海影视乐园现已建成的全布景式的“南方街道”和实景式场地景“30年代南京路”、“上海里弄民居”，为影视创作提供了理想的拍摄场景，也为人们重睹旧上海五光十色的风情开辟了全新的途径，已有30多部影片及数百集电视剧在这里拍摄。
                    


电话
021-57601627;021-57600008



交通
公交

一、八万人体育场“上海旅游集散中心”至上海影视乐园旅游专线车

1、周一至周五 八万人体育场---上海影视乐园 ：早上8:50分

上海影视乐园---八万人体育场：下午13:30分

2、周六、周日 八万人体育场---上海影视乐园 早上8:50分


门票

门票80人民币






景点位置上海市松江区车墩镇北松公路4915号












"
佘山国家森林公园,http://www.mafengwo.cn/poi/23103.html,"


 



176张图片 
 




                        佘山分东西佘山，海拔分别是98米和97米，是大上海的后花园，更是东南亚地区的天主教圣地，园内十二座山峰犹如十二颗大小不等的翡翠从西南趋向东北。
西佘山园景区是云间九峰中环境最好、面积最大的景区。是远东第一大天主教堂——佘山天主教堂和中国第一座天文台——佘山天文台的所在地。西南坡的茶园是唯一的“上海龙井”产地。
东佘山国家森林公园山体钟秀、林木葱郁，动植物资源丰富，尤以山间所产竹笋有兰花幽香而著名。
                    


电话
021-57827211;021-57651666


网址
http://www.sheshantravel.com/


用时参考
5小时-2天



交通
地铁9号线佘山站出站几米处座手边大多是去佘山的，青松专线、沪陈线、松陈专线、松江92路、石青专线、松重线 上佘线、东佘山和西佘山1-2站，走路10来分钟


门票

免费，西佘山园内上海天文博物馆12元，上海地震博物馆5元，竹海乐园10元；学生票半价



开放时间
8:00-16:30





景点位置上海市松江区外青松公路佘山塔弄口












"
醉白池公园,http://www.mafengwo.cn/poi/6324809.html,"


 



14张图片 
 





电话
(52)01888-9227381






景点位置Xel-Há ParkCarretera Chetumal Puerto Juárez Km 240  locales 1 & 2  módulo B77780 Q.R.墨西哥












"
上海杜莎夫人蜡像馆,http://www.mafengwo.cn/poi/5943448.html,"


 



2490张图片 
 




                        2006年，上海杜莎夫人蜡像馆在市中心南京西路新世界商厦10楼落成，上海从全球三十几个候选城市中脱颖而出，成为全球第六座杜莎夫人蜡像馆的落脚地。
上海杜莎夫人蜡像馆分为七个主题展区：“在幕后”、“上海魅力”、“历史名人”、“电影”、“音乐”、“运动”和“速度”。共展出包括姚明、刘翔、贝克汉姆、乔丹、邓丽君、梅艳芳、成龙、汤姆·克鲁斯、玛丽莲·梦露、爱因斯坦、戴安娜王妃、比尔·盖茨、比尔·克林顿等70多座栩栩如生的名人蜡像。
                    


电话
021-63597166


网址
https://shanghai.madametussauds.com/


用时参考
3小时



交通
搭乘地铁1号线、2号线和8号线，在人民广场站下车后步行可达；乘20、37路在九江路黄河路站下车步行可达；或乘公交952路等西藏中路北京东路站即到


门票

成人190元；学生票150元；儿童票：140；老年票：140



开放时间
10:00-21:00（停止售票时间：20:00）


                    *信息更新时间：2016-12-27    
                    感谢蜂蜂                                            等伱dj2013
                                                                参与了编辑
                                    




景点位置上海市黄浦区南京西路2-68号新世界商厦10楼












"
环球金融中心观光厅,http://www.mafengwo.cn/poi/17490565.html,"



0分

                            尚无点评
                            


来自 0 条用户点评









0/0




"
马陆葡萄主题公园,http://www.mafengwo.cn/poi/3884918.html,"


 



4张图片 
 





景点位置上海市嘉定区大治路戬浜镇












"
中国航海博物馆,http://www.mafengwo.cn/poi/7047254.html,"


 



59张图片 
 




                        中国航海博物馆是我国规模最大、等级最高的综合性航海博物馆。
中国航海博物馆以“航海”为主线，“博物”为基础，分设航海历史、船舶、航海与港口、海事与海上安全、海员、军事航海六大展馆，渔船与捕鱼、航海体育与休闲两个专题展区，并建有天象馆、4D影院、儿童活动中心，涵盖文物收藏、学术研究、社会教育、陈列展示等功能
交通
一 自驾车路线：
外环线S20（浦东机场方向）-S2高速（东海大桥方向）-临港新城出口下沿申港大道直行至中国航海博物馆。
二 市内公交路线：
轨道2、7号线龙阳路站换乘龙港快线（地面高速）至“中国航海博物馆站”下即可。
                    


电话
021-38287777



门票

50元



开放时间
9:30-16:30





景点位置上海市浦东新区临港新城申港大道197号












"
南汇大团桃园,,
上海大观园,http://www.mafengwo.cn/poi/3919871.html,"


 



86张图片 
 




                        --上海市五星级公园，是根据《红楼梦》的意境，运用中国传统艺术手法建造的大型主题公园。
--整座园子设计精湛，兼具皇家园林气派和江南园林秀丽风格。
--室内的家具陈设乃至匾额楹联、一草一木，均根据《红楼梦》里人物性格特点和故事情节布置而成。
--大观园四周还有一些景点和娱乐项目，可供游客们玩耍。每年春秋还会推出红楼艺术节、红楼旅游节等大型表演活动。
                    


用时参考
4-5小时



交通
位于青浦区金商公路上，自驾或者乘坐公共交通均可到达  
1、自驾：市区--延安高架路--沪青平高速公路入城段（A9公路）——中春路——沪青平公路（318国道）——金商公路  
2、上海体育场乘游4线直达，金陵中路马当路口有强生旅游专线车去大观园，每天五班7.00、8.00、9.20、13.50、16.00开车。青浦汽车站乘往青商线或往商塌、周庄方向的中巴直达。


门票

60元



开放时间
旺季（4月1日~10月31日）：08:00~17:00 淡季（11月1日~3月31日）：08:00~16:30





景点位置上海市青浦区金商公路701号












"
上海雪浪湖生态园,http://www.mafengwo.cn/poi/7047192.html,
廊下生态园,http://www.mafengwo.cn/poi/5427609.html,"


 



24张图片 
 




                        廊下生态园区建于2000年，区域总面积51平方公里，是上海市市级现代农业园区，是上海市建设社会主义新农村的先行区和示范区，是金山区青少年爱国主义活动基地。园区集生产、加工、示范、推广、科研、观光旅游休闲于一体的综合性农业开发区，“生产、生活、生态”为一体的现代农业园区已经显现。目前已获得“全国农村旅游示范点”、“全国农产品加工业示范基地”、“国家级基本农田保护示范区”三个国家级的荣誉称号。
                    


电话
021-57395422;021-57395433



门票

门票30人民币






景点位置上海市金山区金山廊下镇漕廊公路9133号(近朱平公路)












"
上海玻璃博物馆,http://www.mafengwo.cn/poi/20259.html,"


 



399张图片 
 




                        这是国内第一家玻璃博物馆，由玻璃工厂厂区改建而成。进入以旧玻璃熔炉车间为造型的博物馆内，你可以对寻常可见的玻璃有更深刻的了解：不仅可以欣赏精美的玻璃展品，现场观看玻璃的制作过程；还可以自己动手为做好的玻璃制品上色，或是买几件做工精细的玻璃制品带回家，非常适合带孩子来游玩，但要注意安全。
                    


电话
021-66181970;021-66181971


网址
http://www.shmog.org


用时参考
2-3小时



交通
1.乘坐轨道交通1号线至通河新村站，3号线长江南路站
2.乘坐849路、159路、95路、726路、728路、552区间车到三转炉站


门票

成人票48元/人，1米以上儿童、学生持有效证件28元/人，1米以下儿童免费



开放时间
周二至周日9:00-17:00（16:30停止售票）（周一闭馆日如遇法定节假日将照常开放）





景点位置上海市宝山区长江西路685号(近钢四路)












"
上海城市规划展示馆,http://www.mafengwo.cn/poi/5426375.html,"


 



132张图片 
 




                        上海城市规划展示馆于2000年年初建成，2000年2月25日正式对外开放。上海城市规划展示馆作为上海对外宣传的重要窗口，在上海市委、市政府的领导下，以“城市、人、环境、发展”为展示的主题，向上海人民仍至世人展示了上海城市规划建设发展的成就，让市民知晓城市规划，参与城市规划，架起了市政府与市民间的沟通桥梁。
                    


电话
021-63184477;021-63722077



门票

门票25人民币



开放时间
09:00~17:00
停止入场时间：16:00
Tips：每周一闭馆，节假日除外。





景点位置上海市黄浦区人民大道100号(近西藏中路)












"
上海宝山国际民间艺术博览馆,http://www.mafengwo.cn/poi/3884818.html,
上海东林寺,http://www.mafengwo.cn/poi/7047258.html,"


 



68张图片 
 




                        千姿百态的五百罗汉，形象生动传神，风格纤细典雅
                    


电话
021-57336970;021-57314019






景点位置上海市金山区朱泾镇东林街150号












"
上海中医药博物馆,http://www.mafengwo.cn/poi/6027812.html,"


 



7张图片 
 




                        上海中医药大学(Shanghai University of Traditional Chinese Medicine)的前身是上海中医学院，创建于1956年，是新中国最早成立的四所高等中医药院校之一。1993年上海中医学院更名为“上海中医药大学”，2000年合并原上海医学高等专科学校。2003年为落实上海市高校布局结构调整规划，学校整体搬迁至浦东张江高科技园区。
                    


电话
021-51322222


网址
http://www.shutcm.edu.cn/web/guest/index






景点位置中国上海市浦东新区蔡伦路1200号












"
上海滨海森林公园,http://www.mafengwo.cn/poi/7047271.html,"


 



24张图片 
 




                        上海滨海森林公园坐落于上海南汇滨海旅游度假区，北临滨海高尔夫，南靠上海鲜花港，距浦东国际机场18公里，离临港新城商业区仅5公里。公园总面积5380亩，其中森林占75％，河湖占20％，交通便捷，气候宜人。
                    


电话
021-58293030



交通
一、自驾游路线： 
1、外环线——S2（沪芦高速）——大叶公路出口——左转沿大叶公路、东大公路向东到底。
2、外环线——S1——南六公路出口——南六公路到东大公路左转——沿东大公路向东到底。 
3、郊环线——东大公路出口（临港新城方向）——沿东大公路向东到底。 
二、公交路线：
1、地铁2号线龙杨路站，乘龙东线到东海农场下，走20分钟可以到。





景点位置上海市浦东新区南汇东大公路5336号












"
江南三民文化村,http://www.mafengwo.cn/poi/7007345.html,"


 



35张图片 
 




                        下孙，曾是湘湖北岸孙氏村落，它见证了湘湖地区沧桑演变的一段历程，村落周边发现了距今已有八千年历史的下孙遗址。湘湖保护与开发过程中保留了该村的4幢传统民宅，又修建了一些仿古建筑，形成了一个地域风情浓郁的文化村落。内有湘湖文化展览馆、古玩一条街、湘湖美术馆、孙氏宗祠、土地庙、钱币馆。
                    




景点位置浙江省杭州市萧山区湘湖边












"
上海老码头,http://www.mafengwo.cn/poi/3874713.html,"



4分

                            值得一去
                            
 

来自 2 条用户点评


踢踢是个大肥仔

去过一次，去TONYGUY免费剪头发的时候去逛的，很高大上的感觉。









0/2




"
华亭人家,http://www.mafengwo.cn/poi/5427541.html,"


 



20张图片 
 




                        毛桥村地处嘉定现代农业园区内，东距核心区“华亭人家”约1.5公里，西离浏岛风景区、高尔夫球场约2公里，南跨霜竹公路，北与江苏太仓交界。
                    


电话
021-59971520



门票

门票13人民币






景点位置嘉定区霜竹公路1268号（毛桥村村委东）












"
前卫生态村,http://www.mafengwo.cn/poi/6347832.html,"


 



77张图片 
 




                        --位于崇明岛中北部，是上海市郊最早发展农家乐旅游的村庄之一，也是崇明最出名的农家乐聚集地。
--前卫村树木成林，鸟语花香，宛如身在桃花源一样，来此体验农家生活、吃农家菜的人络绎不绝。
--这里有不少的旅游景点，可以了解一下这里的风土人情。另外，这里有一些适合年轻人玩的娱乐项目，来活跃气氛。
--村里的农家乐到处都是，标间一两百元左右，货比三家可以慢慢挑选。
                    


用时参考
半天-1天



交通
位于崇明岛中北部，可自驾或者乘船前往     
1、自驾：上海浦东——上海长江隧桥——陈海公路——蟠龙公路——北沿公路——林风公路——前卫生态村   
2、轮船：宝杨路或石洞口乘船至南门港，乘南东线至终点站


门票

前卫生态村门票60元，三民文化村门票48元，前卫、三民联票90元。（含六个景点：野生动物园幼驯养基地、村史馆，世界木化奇石馆，生态休闲广场，生态循环示范区等）



开放时间
夏天7:30-17:30，冬天8:00-16:30





景点位置上海市崇明岛东平国家森林公园北侧7公里（东风农场北首）












"
徐家汇源,,
金山农民画村,http://www.mafengwo.cn/poi/5426428.html,"


 



43张图片 
 




                        金山农民画村生态休闲园位于金山区枫泾镇中洪村。金山农民画村生态休闲园总规划面积4500亩，分“丹青人家”、“枫泾人家”、“水上人家”、“菜园人家”、“稻香人家”五个景区。
                    


电话
021-57321363;021-57355555



交通
集散中心万体馆、虹口足球场每天有班车直达景区； 
地铁1号线锦江乐园站下，到西南汽车站乘枫梅线（票价12元，耗时50分钟左右）、金枫线、朱枫线、青枫线、松新枫线、松枫专线、莘枫专线、枫戚专线、石枫专线、嘉善-枫泾专线、枫泾1路、枫泾2路、枫泾3路、枫泾6路到枫泾牌楼站下沿枫丽路北行可达；
地铁1号线莲花路站附近有莲枫线，车牌上面全程一共6站，实际坐下来很绕圈子，而且中途会停很多车牌上没有的站，票价10元，耗时1个半小时左右
中国农民画村公交车：到枫泾牌楼，坐“枫泾一路”或“枫泾—新浜”车（票价2元）在中洪村路口下。
古镇自驾车：沪杭高速走A8段，枫泾出口收费站下来沿指示牌开2分钟即可到达，车停至古镇入口处的停车场


门票

30元






景点位置上海金山枫泾镇朱枫公路8258弄169号












"
上海宏泰园,http://www.mafengwo.cn/poi/9591762.html,"


 



17张图片 
 





景点位置上海市普陀区莫干山路












"
上海宋庆龄故居纪念馆,http://www.mafengwo.cn/poi/5426135.html,"


 



194张图片 
 




                        上海宋庆龄故居是宋庆龄长期居住和生活的地方，是她从事国务活动的重要场所。故居留下了许多珍贵的历史瞬间和大量文物。她经常在故居举行各种国务活动，会晤和宴请来访的各国贵宾，促进中外交往维护世界和平。于2001年经国务院批准列为全国重点文物保护单位，并且是上海市爱国主义教育基地。
                    


电话
021-64376268;021-64747183


用时参考
1小时



门票

门票16人民币



开放时间
09:00~16:30





景点位置上海市徐汇区淮海中路1843号












"
东方假日田园,http://www.mafengwo.cn/poi/8087191.html,"


 



31张图片 
 




                        无锡阳山田园东方项目位于“中国水蜜桃之乡”无锡市惠山区阳山镇，由东方园林产业集团投资50亿元建设，是国内首个田园综合体项目。项目规划总面积约为6246亩，于2013年4月初启动建设，计划于五年内全面完成。
                    


电话
0510-88966666






景点位置江苏省无锡市惠山区阳山镇桃溪路与阳杨路交汇处












"
瀛东生态村,http://www.mafengwo.cn/poi/5428334.html,"


 



5张图片 
 




                        新平的花腰傣有傣雅、傣洒、傣卡等，大沐浴寨是花腰傣傣雅的聚居地。在傣语中，大沐浴是“谈情说爱的地方”。大沐浴花腰傣民族文化生态旅游村是一个原汁原味展示花腰傣民居建筑、历史文化、民风民俗的民族文化生态风情园。村中源于山涧的泉水穿流，一幢幢傣家土掌房掩隐在槟榔树、凤尾竹、凤凰花、荔枝树下。
交通
                    

门票

门票15人民币






景点位置云南省玉溪市漠沙大沐浴花腰傣文化生态旅游村












"
上海南社纪念馆,http://www.mafengwo.cn/poi/6629405.html,"


 



9张图片 
 




                        上海淞沪抗战纪念馆位于上海市宝山区友谊路1号，于2000年1月建成，同年3月正式对外开 放，是一个全面反映抗战时期发生在上海的两次重大战役“一·二八”、“八·一三”淞沪抗战和上海人民14年抗战史实的专题纪念馆。
                    


电话
021-66786322;021-66786377



开放时间
09：00-16：00(周一馆休)





景点位置中国上海宝山区友谊路1号












"
碧海金沙水上乐园,,
福泉山遗址,,
